{"0.png": {"class_id": [4, 2, 4], "bounding_box": [[1035.0, 990.1748895535445, 1141.8609542552113, 812.0, 1197.4757711526893, 845.3551625556495, 1090.614816897478, 1023.530052109194], [351.41689795674847, 506.53837269541236, 224.0, 425.37721939115045, 243.34947561507306, 395.0, 370.76637357182153, 476.1611533042619], [217.0072990244571, 413.69478811240924, 207.0, 323.9367314046326, 233.34030454254446, 321.0, 243.34760356700156, 410.75805670777663]]}, "1.png": {"class_id": [4, 2, 1, 4], "bounding_box": [[1164.414628150408, 425.966000241805, 1061.0, 355.25910954647406, 1072.11671629118, 339.0, 1175.5313444415879, 409.7068906953309], [1229.0, 317.5389450188791, 1438.4462501995094, 257.0, 1453.287693766808, 308.3468594761416, 1243.8414435672985, 368.8858044950207], [498.0, 754.5439411773523, 1126.2496081613226, 646.0, 1145.7496369778833, 758.8656775335039, 517.5000288165606, 867.4096187108562], [1349.0, 876.4391589249706, 1440.586946404381, 799.0, 1466.8300877443562, 830.0376457176611, 1375.2431413399752, 907.4768046426317]]}, "2.png": {"class_id": [4, 4, 4, 4], "bounding_box": [[709.6095036502579, 516.2562420674449, 640.0, 472.4090412633027, 654.7454137593272, 449.0, 724.3549174095851, 492.8472008041422], [873.1023642624448, 659.2594369640046, 729.0, 554.560062938499, 756.2897332264263, 517.0, 900.3920974888711, 621.6993740255057], [146.0, 69.45073263278573, 189.39042756203526, 15.0, 206.93275550883027, 28.979042581082467, 163.542327946795, 83.4297752138682], [651.9552814320391, 609.0348868174756, 595.0, 541.7486665462865, 615.9680411847025, 524.0, 672.9233226167416, 591.2862202711891]]}, "3.png": {"class_id": [4, 1, 1, 1, 4], "bounding_box": [[1199.1167415147634, 1201.2731521412145, 1135.0, 1152.204152150079, 1156.5848389813063, 1124.0, 1220.7015804960697, 1173.0689999911356], [686.653358988229, 664.3952718045198, 661.0, 469.83706248174553, 720.4372395248017, 462.0, 746.0905985130307, 656.5582093227742], [1048.9021233393944, 943.3665745670874, 831.0, 855.0089259615706, 848.8452837265934, 811.0, 1066.7474070659878, 899.3576486055167], [458.0, 1226.164758472897, 640.8139843843712, 1194.0, 649.4560414853077, 1243.1186306662523, 466.6420571009364, 1275.2833891391492], [836.7397396761035, 701.092659821315, 801.0, 578.9701639595553, 852.1529687336542, 564.0, 887.8927084097577, 686.1224958617597]]}, "4.png": {"class_id": [4], "bounding_box": [[279.948240675483, 597.9004620035466, 134.0, 587.2037776651769, 136.87328187455478, 548.0, 282.8215225500378, 558.6966843383698]]}, "5.png": {"class_id": [4, 4, 4, 2, 1, 4, 4, 4, 1], "bounding_box": [[993.0, 698.3523140887492, 1081.583630889665, 617.0, 1117.4635700501126, 656.0692670827452, 1028.8799391604475, 737.4215811714944], [306.0, 936.8421927630907, 332.7931109077423, 926.0, 339.27799202333637, 942.0253689221536, 312.484881115594, 952.8675616852443], [1390.2799458943787, 914.3551395446815, 1313.0, 701.325248328824, 1413.1341759536776, 665.0, 1490.4141218480563, 878.0298912158576], [170.0, 818.3006664646196, 416.9388064223932, 578.0, 449.48758302207773, 611.4479140748394, 202.54877659968452, 851.748580539459], [271.0, 1178.9447117368982, 294.41059704196414, 1092.0, 314.46774607631914, 1097.4005565660486, 291.057149034355, 1184.3452683029466], [376.0, 1184.8263232283016, 423.49019162630884, 1135.0, 439.8170477654421, 1150.561363481506, 392.32685613913327, 1200.3876867098077], [1197.0, 312.63107586453054, 1489.3160168252575, 257.0, 1496.953674223265, 297.1324179654223, 1204.6376573980074, 352.76349382995284], [977.0, 780.3942211695705, 1018.9853048949517, 717.0, 1052.761171921967, 739.369390286023, 1010.7758670270152, 802.7636114555935], [2059.8771655928836, 932.2673197897649, 1210.0, 841.6844855693367, 1223.5024686145346, 715.0, 2073.3796342074183, 805.5828342204283]]}, "6.png": {"class_id": [4, 4, 1, 4, 1, 1, 4, 4, 2, 1, 1, 4, 1, 4, 4, 4, 4, 4, 4, 4], "bounding_box": [[194.0, 1328.43915299931, 236.8543846506377, 1221.0, 258.1281621425005, 1229.4854973085485, 215.2737774918628, 1336.9246503078584], [983.1317623436953, 291.8117524422578, 943.0, 231.2052112429471, 962.9423631682848, 218.0, 1003.0741255119801, 278.60654119931064], [543.3682029873077, 1162.8341598412353, 502.0, 1036.2229636263764, 554.7124668134505, 1019.0, 596.0806698007582, 1145.6111962148589], [1237.0, 166.6630522752061, 1294.609545969604, 131.0, 1306.95456760743, 150.94195802568854, 1249.345021637826, 186.60501030089463], [951.745027594319, 621.1138505765234, 687.0, 615.1309120952478, 688.0651053588979, 568.0, 952.8101329532169, 573.9829384812756], [122.0, 657.0174497490598, 212.8602133251311, 559.0, 236.5505603753718, 580.9604773664487, 145.6903470502407, 678.9779271155085], [232.4053861464895, 149.30234849091767, 125.0, 85.56403546459933, 134.23627203427532, 70.0, 241.6416581807648, 133.73831302631834], [1137.0, 1168.693574383005, 1306.659528756387, 1123.0, 1313.8752286580639, 1149.7917811529605, 1144.2156999016768, 1195.4853555359653], [531.4085974584082, 985.4567096431715, 379.0, 757.1412923951402, 433.1413961593039, 721.0, 585.5499936177121, 949.3154172480313], [756.0, 1043.3756164633833, 798.6734146725992, 802.0, 853.7693680627399, 811.740554991628, 811.0959533901407, 1053.1161714550112], [886.0, 770.6754071244034, 1197.477661018912, 703.0, 1207.1441063822422, 747.4900432826719, 895.6664453633302, 815.1654504070752], [1319.3199887466535, 1212.5363641855429, 1307.0, 1081.0783083311449, 1339.8464933576033, 1078.0, 1352.1664821042568, 1209.458055854398], [702.6724634504089, 195.01898116789516, 593.0, 128.45441447329404, 606.6284744845879, 106.0, 716.3009379349969, 172.56456669460113], [823.1829137871391, 1341.7608761304195, 690.0, 1323.3781931188357, 694.6070530081934, 1290.0, 827.7899667953325, 1308.3826830115838], [1057.0439864481282, 410.2160990317807, 951.0, 290.04685260541396, 975.9835351574766, 268.0, 1082.0275216056048, 388.1692464263667], [1274.0, 1276.3002036593025, 1393.8834877954987, 1263.0, 1395.684380010025, 1279.232626608703, 1275.8008922145264, 1292.5328302680055], [844.0, 473.1748895535445, 950.8609542552113, 295.0, 1006.4757711526893, 328.3551625556495, 899.614816897478, 506.530052109194], [265.0, 602.6810907876763, 290.60127129585067, 500.0, 309.106932300655, 504.6139794996209, 283.5056610048043, 607.2950702872972], [1020.5589562285054, 1148.0012434914397, 922.0, 1091.5162148434065, 931.4655920099635, 1075.0, 1030.024548238469, 1131.4850286480332], [611.7774713831643, 91.84234881540164, 521.0, 50.41073931485917, 531.684860402403, 27.0, 622.4623317855672, 68.43160950054246]]}, "7.png": {"class_id": [1, 1, 4], "bounding_box": [[741.0, 336.66651640443433, 885.6548463887098, 300.0, 892.3599189492152, 326.45250589302714, 747.7050725605054, 363.11902229746147], [437.6227034483077, 422.47022323786564, 116.0, 368.8966991639252, 123.14541392977435, 326.0, 444.768117378082, 379.57352407394046], [623.0, 1222.6319384717085, 653.3864093667765, 1137.0, 670.9805569904976, 1143.2432660254503, 640.594147623721, 1228.875204497159]]}, "8.png": {"class_id": [1, 1, 4], "bounding_box": [[1219.9674698088008, 329.4911685757602, 1078.0, 302.5475478158363, 1084.3668980435634, 269.0, 1226.3343678523643, 295.9436207599239], [847.2319788831464, 1204.536443807492, 555.0, 1173.3969706461048, 561.3291853970632, 1114.0, 853.5611642802096, 1145.1394731613873], [822.0, 876.6000222265448, 876.7359351963848, 825.0, 895.6656040090838, 845.0800906804243, 840.929668812699, 896.680112906969]]}, "9.png": {"class_id": [2, 4], "bounding_box": [[293.0, 529.780917361174, 799.1068605326896, 358.0, 816.354887665364, 408.8167321294884, 310.2480271326745, 580.5976494906625], [1288.0, 1204.9760603116047, 1326.9906635187288, 1105.0, 1348.076146902, 1113.2233385188856, 1309.0854833832711, 1213.1993988304903]]}}